ID,Answer
0,12 traffic lights can be observed around in total.
1,12 traffic lights in total.
2,11 traffic light can be observed.
3,8 traffic lights can be observed in total.
4,8 traffic lights can be observed in total.
5,"7 traffic lights, with 2 very clearly showing and 5 vaguely showing"
6,7 traffic lights observed in the provided images.
7,7
8,0
9,0
10,0
11,0
12,0
13,0
14,0
15,0
16,0
17,0
18,0
19,0
20,0
21,0
22,0
23,0
24,0
25,0
26,0
27,0
28,0
29,0
30,0
31,0
32,0
33,0
34,3
35,3
36,3
37,None.
38,"Based on the observations from the images provided, there are no traffic lights visible."
39,No traffic lights can be observed in the provided images.
40,Three traffic lights can be observed around in total.
41,Sixteen traffic lights can be observed.
42,Six traffic lights can be observed.
43,No traffic lights can be observed in any of the eight provided images.
44,Six traffic lights can be observed.
45,0
46,0
47,0
48,0
49,0
50,0 traffic lights can be observed.
51,0
52,No traffic lights can be observed in these images.
53,0
54,0 traffic lights can be observed around in total.
55,0
56,0
57,0 traffic lights can be observed.
58,0
59,0
60,Zero traffic lights can be observed in the provided images.
61,0 traffic lights.
62,No traffic lights can be observed in these images.
63,None. There are no traffic lights visible in any of the provided images.
64,No traffic lights can be observed around in total.
65,0 traffic lights.
66,No traffic lights are observed in the images provided.
67,None.
68,0 traffic lights.
69,None.
70,No traffic lights can be observed in the provided images.
71,0
72,0 traffic lights.
73,0 traffic lights can be observed in the images provided.
74,None.
75,None.
76,0 traffic lights can be observed.
77,0
78,0 traffic lights can be observed around in total.
79,No traffic lights can be observed.
80,0
81,None.
82,No traffic lights can be observed in these images.
83,0
84,0
85,None.
86,0 traffic lights can be observed around.
87,0
88,No traffic lights can be observed in the provided images.
89,0 traffic lights can be observed.
90,0 traffic lights.
91,0 traffic lights can be observed.
92,None.
93,No traffic lights are observed.
94,2 traffic lights can be observed in total.
95,0 traffic lights can be observed.
96,0
97,0 traffic lights.
98,0
99,Zero.
100,0
101,0
102,0
103,0
104,None.
105,0
106,0
107,1 traffic light can be observed around in total.
108,1 traffic light.
109,0
110,Zero traffic lights can be observed.
111,None.
112,0 traffic lights can be observed around in total.
113,No traffic lights can be observed around in total.
114,0
115,None.
116,0
117,None.
118,0
119,0 traffic lights.
120,0 traffic lights can be observed.
121,None.
122,No traffic lights can be observed.
123,0 traffic lights.
124,0
125,0
126,0
127,5 traffic light can be observed.
128,5 traffic lights are observed.
129,8 traffic lights.
130,There are three traffic lights observable in total.
131,3
132,None.
133,0
134,0
135,None.
136,0
137,0 traffic lights.
138,0 traffic lights can be observed.
139,0
140,0
141,None.
142,0
143,Zero.
144,None.
145,0
146,None
147,0
148,0
149,0
150,0 traffic lights.
151,8 traffic lights.
152,5 traffic lights.
153,0
154,0 traffic lights can be observed.
155,0 traffic lights can be observed around in total.
156,None.
157,0
158,0
159,0
160,None.
161,None.
162,No traffic lights can be observed.
163,0 traffic lights.
164,0
165,0
166,0 traffic lights are observed.
167,0 traffic lights can be observed in the provided images.
168,No traffic lights can be observed.
169,0
170,None.
171,0
172,0
173,None.
174,0
175,0 traffic lights.
176,0
177,0
178,0
179,0 traffic lights.
180,None.
181,No traffic lights can be observed.
182,No traffic lights can be observed in the provided images.
183,0 traffic lights can be observed.
184,0 traffic lights can be observed.
185,0
186,0 traffic lights can be observed around in total.
187,None.
188,No traffic lights can be observed around in these images.
189,0 traffic lights can be observed.
190,0
191,No traffic lights can be observed.
192,None.
193,0
194,No traffic lights are observable in these images.
195,0 traffic lights can be observed.
196,No traffic lights are observable in the provided images.
197,0 traffic lights can be observed around in total.
198,None.
199,None.
200,0
201,0
202,0
203,0
204,0
205,0
206,0
207,0
208,0
209,0
210,0
211,0
212,0
213,0
214,0
215,0
216,0
217,0
218,0
219,0
220,0
221,0
222,0
223,0
224,0
225,0
226,0
227,0
228,0
229,0
230,0
231,0
232,0
233,0
234,0
235,0
236,0
237,0
238,0
239,0
240,0
241,0
242,0
243,0
244,0
245,0
246,0
247,0
248,0
249,0
250,0
251,0
252,0
253,0
254,0
255,0
256,0
257,0
258,0
259,"From the provided images, it appears that no traffic lights are visible in any of the nine views. Therefore, the total number of traffic lights observed around is zero."
260,"Based on the provided images, I cannot directly observe any traffic lights. The images primarily show tall buildings and a general cityscape without clear visibility of streets or intersections where traffic lights might be located. Thus, the number of traffic lights observed is zero."
261,"Based on the observations from the provided images, the number of visible traffic lights around is:

1. Forward: 1 traffic light on the right side.
2. Forward-left: None.
3. Left: None.
4. Rear-left: None.
5. Rear: None.
6. Rear-right: None.
7. Right: None.
8. Forward-right: 1 traffic light on the left side.
9. Top-down: None (black image).

In total, 2 traffic lights can be observed around."
262,"Based on the provided images from nine different directions, there are no visible traffic lights in any of the images. Therefore, the total number of traffic lights that can be observed around is 0."
263,"Based on the nine images provided from different directions, I analyzed the presence of traffic lights:

1. Forward: No visible traffic lights.
2. Forward-left: No visible traffic lights.
3. Left: No visible traffic lights.
4. Rear-left: No visible traffic lights.
5. Rear: No visible traffic lights.
6. Rear-right: No visible traffic lights.
7. Right: No visible traffic lights.
8. Forward-right: No visible traffic lights.
9. Top-down: No visible traffic lights.

After carefully examining all the provided images, there are no traffic lights observable in any of the directions."
264,"Based on the nine images provided, I can see the traffic lights in the following images:

1. Forward (first image): I can see 2 traffic lights on the intersection poles.
2. Forward-left (second image): There is 1 traffic light visible.
3. Left (third image): I can see 2 traffic lights.
4. Rear-left (fourth image): There is 1 traffic light visible.
5. Rear (fifth image): There are 2 traffic lights visible.
6. Rear-right (sixth image): There is 1 traffic light visible.
7. Right (seventh image): There are 2 traffic lights visible.
8. Forward-right (eighth image): There are 2 traffic lights visible.
9. Top-down (ninth image): This image does not show traffic lights as it's only showing the ground.

Adding all the visible traffic lights together: 
2 (Forward) 
+ 1 (Forward-left) 
+ 2 (Left) 
+ 1 (Rear-left) 
+ 2 (Rear) 
+ 1 (Rear-right) 
+ 2 (Right) 
+ 2 (Forward-right)

Total = 13 traffic lights.

So, there are 13 traffic lights visible around the area based on the observations from the images provided."
265,"Based on the observations from the provided images in the nine directions, here is how many traffic lights can be seen in each view:

1. Forward: 3 traffic lights (on the left side of the image).
2. Forward-left: 3 traffic lights (visible cross-section lights).
3. Left: 2 traffic lights (visible cross-section lights).
4. Rear-left: None identifiable.
5. Rear: None identifiable.
6. Rear-right: None identifiable.
7. Right: None identifiable.
8. Forward-right: 3 traffic lights (visible cross-section lights).
9. Top-down: None identifiable within the visible area.

Total number of traffic lights observed around in total: 11 traffic lights."
266,"Based on the provided nine images, the observations for traffic lights are as follows:

1. Forward: No traffic lights are visible.
2. Forward-left: No traffic lights are visible.
3. Left: No traffic lights are visible.
4. Rear-left: No traffic lights are visible.
5. Rear: Two traffic lights are visible (one on each side of the road).
6. Rear-right: No traffic lights are visible.
7. Right: No traffic lights are visible.
8. Forward-right: No traffic lights are visible.
9. Top-down: No traffic lights are visible.

In total, **two traffic lights** can be observed around."
267,"Based on the observations from the provided images, the total number of traffic lights visible are:

1. Forward: No visible traffic lights
2. Forward-left: No visible traffic lights
3. Left: No visible traffic lights
4. Rear-left: No visible traffic lights
5. Rear: Four traffic lights (one on each corner of the intersection)
6. Rear-right: No visible traffic lights
7. Right: No visible traffic lights
8. Forward-right: No visible traffic lights
9. Top-down: No visible traffic lights

In total, **four traffic lights** can be observed around."
268,"Based on the observations from each direction:

1. Forward: 1 traffic light seen.
2. Forward-left: 2 traffic lights seen.
3. Left: 2 traffic lights seen.
4. Rear-left: No traffic lights seen.
5. Rear: No traffic lights seen.
6. Rear-right: 2 traffic lights seen.
7. Right: 2 traffic lights seen.
8. Forward-right: 1 traffic light seen.
9. Top-down: No traffic lights seen.

In total, there are \( 1 + 2 + 2 + 0 + 0 + 2 + 2 + 1 + 0 = 10 \) traffic lights observed around."
269,"Based on the provided images, there are a total of four visible traffic lights: 

- One visible in the forward-left direction (first image). 
- One visible in the left direction (second image).
- One visible in the rear-left direction (fourth image).
- One visible in the rear-right direction (sixth image).

No traffic lights are visible in any of the other images."
270,"Based on the provided images, I can observe traffic lights in the following directions:

1. Forward-left: 1 traffic light
2. Forward: 1 traffic light
3. Forward-right: 1 traffic light

No traffic lights are visible in the remaining six directions (left, rear-left, rear, rear-right, right, top-down).

Therefore, the total number of traffic lights observed around is 3."
271,"Based on the observations from the provided nine images, I can't see any traffic lights present in the surroundings. Therefore, the total number of observed traffic lights is zero."
272,"Based on the images provided, there are 8 traffic lights visible in the different directions:

1. **Forward**: 2 traffic lights
2. **Forward-left**: 2 traffic lights
3. **Left**: 2 traffic lights
4. **Rear-left**: 2 traffic lights
5. **Rear**: No traffic lights visible
6. **Rear-right**: No traffic lights visible
7. **Right**: 2 traffic lights
8. **Forward-right**: 2 traffic lights

### Summary:
Summing all visible traffic lights from the relevant directions, there are **8 traffic lights** in total."
273,"Based on the observations from the nine different directions, here are the traffic lights seen in each image:

1. **Forward:** 4 traffic lights
2. **Forward-left:** 4 traffic lights
3. **Left:** 4 traffic lights
4. **Rear-left:** 4 traffic lights
5. **Rear:** 2 traffic lights
6. **Rear-right:** 4 traffic lights
7. **Right:** 4 traffic lights
8. **Forward-right:** 4 traffic lights
9. **Top-down:** 0 traffic lights

Counting all the traffic lights observed adds up to a total of:
\[ 4 + 4 + 4 + 4 + 2 + 4 + 4 + 4 + 0 = 30 \]

Therefore, 30 traffic lights can be observed around in total."
274,"Based on the images provided:

- Forward: No traffic lights are visible.
- Forward-left: No traffic lights are visible.
- Left: No traffic lights are visible.
- Rear-left: No traffic lights are visible.
- Rear: No traffic lights are visible.
- Rear-right: No traffic lights are visible.
- Right: No traffic lights are visible.
- Forward-right: No traffic lights are visible.
- Top-down: Only the ground is visible in the image from this direction.

Therefore, from all the provided directions, no traffic lights can be observed around in total."
275,"Based on the nine observations provided from different directions (forward, forward-left, left, rear-left, rear, rear-right, right, forward-right, and top-down), there do not appear to be any visible traffic lights in the images.

Therefore, the total number of traffic lights observed around is **0**."
276,"Based on the nine provided images, I can observe the traffic lights in the various directions as follows:

- Forward: 2 sets of traffic lights are visible.
- Forward-left: 2 sets of traffic lights are visible.
- Left: 2 sets of traffic lights are visible.
- Rear-left: 2 sets of traffic lights are visible.
- Rear: 2 sets of traffic lights are visible.
- Rear-right: 2 sets of traffic lights are visible.
- Right: 2 sets of traffic lights are visible.
- Forward-right: 2 sets of traffic lights are visible.
- Top-down: No traffic lights are visible in this image (it's a view of the ground).

Summing them up:
2 (Forward) + 2 (Forward-left) + 2 (Left) + 2 (Rear-left) + 2 (Rear) + 2 (Rear-right) + 2 (Right) + 2 (Forward-right) + 0 (Top-down) = 16

However, since some traffic lights might be counted multiple times across overlapping directional images, the exact number of unique traffic lights may be less than this sum but it is difficult to determine exact overlaps. 

Therefore, the total number of observed traffic lights is at most 16."
277,"Based on the provided observations from the nine directions, I have carefully examined each of the images. None of the images contain any visible traffic lights. Therefore, the total number of traffic lights that can be observed around in total is zero."
278,"Based on the observations from the provided images, I can count the traffic lights as follows:

1. In the first image (forward), there are 3 visible traffic lights ahead in the distance.
2. In the second image (forward-left), there are no traffic lights visible.
3. In the third image (left), there are no traffic lights visible.
4. In the fourth image (rear-left), there are no traffic lights visible.
5. In the fifth image (rear), no traffic lights are visible.
6. In the sixth image (rear-right), no traffic lights are visible.
7. In the seventh image (right), no traffic lights are visible.
8. In the eighth image (forward-right), a cluster of 3 traffic lights are visible.
9. In the ninth image (top-down), no traffic lights are visible as it mostly shows the road from a high angle.

In summary, a total of **6 traffic lights** can be observed around."
279,"Based on the provided images from nine different directions, the total number of distinct observable traffic lights around the area are as follows:

1. Forward: 2 traffic lights
2. Forward-left: 1 traffic light
3. Left: 1 traffic light
4. Rear-left: 2 traffic lights
5. Rear: 2 traffic lights
6. Rear-right: 1 traffic light
7. Right: 1 traffic light
8. Forward-right: 2 traffic lights
9. Top-down: None observed in this view

Adding them up, there are a total of 12 traffic lights observed around."
